Type,Content
Heading 1,Web Scraping Practice
Heading 2,Available Products
Heading 2,Product Table
Heading 2,Watch This Video
Heading 2,Contact Us
Heading 2,Product Information
Heading 2,Featured Products
Paragragh,Welcome to the web scraping task! Use your skills to extract the required data from this page.
Paragragh,Sharp Objects
Paragragh,£47.82
Paragragh,✔ In stock
Paragragh,"In a Dark, Dark Wood"
Paragragh,£19.63
Paragragh,✔ In stock
Paragragh,The Past Never Ends
Paragragh,£56.50
Paragragh,✔ In stock
Paragragh,A Murder in Time
Paragragh,£16.64
Paragragh, Out stock
Paragragh,Wireless Headphones
Paragragh,$49.99
Paragragh,"Available colors: Black, White, Blue"
Paragragh,Smart Speaker
Paragragh,$89.99
Paragragh,"Available colors: Grey, Black"
Paragragh,Smart Watch
Paragragh,$149.99
Paragragh,"Available colors: Black, Silver, Gold"
Paragragh,© 2024 Web Scraping Practice. All Rights Reserved.
List item,Laptop
List item,Smartphone
List item,Tablet
List item,Smartwatch
